Config,Test_R2,Delta_R2
Full model,0.8103852776474251,0.0
Without Label Noise,-0.45570916823643004,1.266094445883855
Without Missing Features,0.801812846533694,0.008572431113731072
Without Feature Noise,0.8020677400171572,0.00831753763026788
Without Class Imbalance,0.7499686385216697,0.060416639125755345
Only Label Noise,0.7075625728590437,0.1028227047883814
Only Missing Features,-0.6940477654782771,1.5044330431257023
Only Feature Noise,-0.6399874510177319,1.4503727286651569
Only Class Imbalance,-0.5627053380621281,1.373090615709553
