algorithm,dimension,dim_name,dim_short,metric,alpha,alpha_ci_lo,alpha_ci_hi,r_squared,n_obs
GB,label_noise,Label Noise,LN,accuracy,0.9604107316058124,0.9233099398116876,1.003725397043931,0.987270875193422,60
GB,label_noise,Label Noise,LN,balanced_accuracy,0.88048538358985,0.7914923632075583,0.9726389486804139,0.9664644173312456,60
GB,label_noise,Label Noise,LN,macro_f1,0.9117120484019436,0.8288469279212703,0.9948154243019065,0.9521305245760426,60
GB,label_noise,Label Noise,LN,mcc,1.679378792905008,1.5374749182696978,1.8168195902192559,0.9693724850904598,60
GB,missing,Missing Features,MF,accuracy,0.08840891970982521,0.06547447844736477,0.1156154095874335,0.9744848767777831,60
GB,missing,Missing Features,MF,balanced_accuracy,0.11884340747634947,0.09328932897624902,0.14132118855337622,0.9875094578338928,60
GB,missing,Missing Features,MF,macro_f1,0.12404750542023728,0.0979979929901957,0.14852545619427507,0.9862715378347476,60
GB,missing,Missing Features,MF,mcc,0.22082519244197385,0.17449512546916457,0.2627219493633056,0.9903910782846376,60
GB,feature_noise,Feature Noise,FN,accuracy,0.06464222656352585,0.04993275956558002,0.07992952693614633,0.958496916210419,60
GB,feature_noise,Feature Noise,FN,balanced_accuracy,0.083327126839574,0.07037538414417772,0.09618510716839473,0.9909135132449556,60
GB,feature_noise,Feature Noise,FN,macro_f1,0.08176790854012257,0.06937701191705174,0.09424112499188425,0.9872769165470542,60
GB,feature_noise,Feature Noise,FN,mcc,0.15012685989561056,0.12649694737141587,0.1745887174221298,0.9926100255360991,60
GB,imbalance,Class Imbalance,CI,accuracy,-0.0171528243511644,-0.028573826425275343,-0.005244830832563065,0.7427229310861341,60
GB,imbalance,Class Imbalance,CI,balanced_accuracy,0.0901938081033814,0.07384603926907986,0.10536126091364478,0.8104641620182593,60
GB,imbalance,Class Imbalance,CI,macro_f1,0.08095175483344404,0.06255732296031145,0.10046120764263408,0.8012551745462038,60
GB,imbalance,Class Imbalance,CI,mcc,0.1370242894670512,0.10353505283145299,0.17325843955561668,0.8135829227113411,60
LR,label_noise,Label Noise,LN,accuracy,0.9204345189714642,0.8793562016283124,0.9642024739545962,0.9921385130425177,60
LR,label_noise,Label Noise,LN,balanced_accuracy,0.8341878519609186,0.7401300050161791,0.9295592527562277,0.9678546057768271,60
LR,label_noise,Label Noise,LN,macro_f1,0.8717358886135036,0.789283309075964,0.9588974384686957,0.9516174408492332,60
LR,label_noise,Label Noise,LN,mcc,1.5867420129856822,1.4555179450917315,1.7173515561953696,0.9784431057663735,60
LR,missing,Missing Features,MF,accuracy,0.12132553957624269,0.08919400500450703,0.15999078850039122,0.9761463269929215,60
LR,missing,Missing Features,MF,balanced_accuracy,0.14949179885812447,0.12112766569325044,0.17825016195010157,0.9817222889051597,60
LR,missing,Missing Features,MF,macro_f1,0.15232658414674696,0.12404256855178522,0.18183002066639567,0.9816973240207535,60
LR,missing,Missing Features,MF,mcc,0.26984456305883037,0.21519535537812892,0.32869736242045117,0.985157399602011,60
LR,feature_noise,Feature Noise,FN,accuracy,0.06887424482547712,0.052830262647751494,0.08485224657898467,0.9233720265709879,60
LR,feature_noise,Feature Noise,FN,balanced_accuracy,0.0762881521427105,0.06202324635315734,0.08956181125974107,0.9101462727763507,60
LR,feature_noise,Feature Noise,FN,macro_f1,0.07620086884122695,0.06330484972687811,0.0890885028374839,0.9046738367140594,60
LR,feature_noise,Feature Noise,FN,mcc,0.1438483930358941,0.11648478363189912,0.17053539975617313,0.9143117367280045,60
LR,imbalance,Class Imbalance,CI,accuracy,-0.025186156588032915,-0.03659898641817881,-0.012352373730263202,0.6832463316648736,60
LR,imbalance,Class Imbalance,CI,balanced_accuracy,0.07060422910916961,0.053301480149525536,0.08589198518772843,0.913220216810537,60
LR,imbalance,Class Imbalance,CI,macro_f1,0.0639721764644161,0.043356042484681584,0.08217817218103757,0.9153969072895277,60
LR,imbalance,Class Imbalance,CI,mcc,0.1170872781756171,0.07647274017105586,0.15542538860363297,0.9171873552048131,60
MLP,label_noise,Label Noise,LN,accuracy,0.9508554257730496,0.9100424807620788,0.9967952122686827,0.9795763348928794,60
MLP,label_noise,Label Noise,LN,balanced_accuracy,0.8501545958313752,0.7487252238486907,0.9529859583163085,0.9578755968221184,60
MLP,label_noise,Label Noise,LN,macro_f1,0.9014041494216554,0.8023628875008565,1.0009686117026948,0.9401518660730636,60
MLP,label_noise,Label Noise,LN,mcc,1.6184762083095166,1.4620359518743051,1.7706198628148486,0.9646344552491227,60
MLP,missing,Missing Features,MF,accuracy,0.12767069069121045,0.09151861321148795,0.16791805912276575,0.9715587990386723,60
MLP,missing,Missing Features,MF,balanced_accuracy,0.1524535119823438,0.12430422583606908,0.18113553239966063,0.9815247181090085,60
MLP,missing,Missing Features,MF,macro_f1,0.1624269106867821,0.12688564992743998,0.20129902467138278,0.9743310165495545,60
MLP,missing,Missing Features,MF,mcc,0.2643611219908679,0.21666433661751494,0.30902023657394784,0.9797795762935992,60
MLP,feature_noise,Feature Noise,FN,accuracy,0.06242779052561212,0.04728000373342647,0.07830666983252144,0.9390366830232141,60
MLP,feature_noise,Feature Noise,FN,balanced_accuracy,0.06807268043591756,0.05333688836834535,0.08484555266653811,0.9069925806102473,60
MLP,feature_noise,Feature Noise,FN,macro_f1,0.06729770419549543,0.05261109418577321,0.08355584746743507,0.8907593663550427,60
MLP,feature_noise,Feature Noise,FN,mcc,0.12514770903863157,0.09827956337458048,0.1536390253004865,0.9043419252844601,60
MLP,imbalance,Class Imbalance,CI,accuracy,0.044120370917782786,0.0017375504652419479,0.10339323108506084,0.528114449769434,60
MLP,imbalance,Class Imbalance,CI,balanced_accuracy,0.16279362440161094,0.1263695707583849,0.202805899456506,0.8447082959840277,60
MLP,imbalance,Class Imbalance,CI,macro_f1,0.17135654994765326,0.12485792428145907,0.22605463448154786,0.843047647171091,60
MLP,imbalance,Class Imbalance,CI,mcc,0.28485539032430235,0.22100718051279833,0.36043398226888373,0.8768111978715096,60
RF,label_noise,Label Noise,LN,accuracy,0.9567727436819402,0.9193810797181311,0.9994045755255712,0.992715968534579,60
RF,label_noise,Label Noise,LN,balanced_accuracy,0.849641150236396,0.7374246928335819,0.9596644593235037,0.9829126325716286,60
RF,label_noise,Label Noise,LN,macro_f1,0.8876598710157624,0.7928876831838867,0.9852732807761443,0.9646498860665506,60
RF,label_noise,Label Noise,LN,mcc,1.6414314937769159,1.482519344733439,1.792589334924903,0.9838573413228052,60
RF,missing,Missing Features,MF,accuracy,0.10107061129237681,0.07626019399861923,0.12781742678571967,0.9903834072849346,60
RF,missing,Missing Features,MF,balanced_accuracy,0.12721458738786234,0.10653447885952107,0.14843092480173845,0.9997854976820189,60
RF,missing,Missing Features,MF,macro_f1,0.13970911777964454,0.11576001255035553,0.1610756160626169,0.9997647619974497,60
RF,missing,Missing Features,MF,mcc,0.24924295468530266,0.20765117308460956,0.28734073486773576,0.9997068262949972,60
RF,feature_noise,Feature Noise,FN,accuracy,0.06657506201201777,0.05188631252306738,0.08233870160702532,0.9898722332146426,60
RF,feature_noise,Feature Noise,FN,balanced_accuracy,0.08940065512925927,0.07764446775769383,0.10254911570121263,0.9789848641206038,60
RF,feature_noise,Feature Noise,FN,macro_f1,0.09284658030257868,0.08022270440723714,0.106210735427988,0.9585027653822195,60
RF,feature_noise,Feature Noise,FN,mcc,0.1626241150033974,0.1407259084142722,0.18686334113839917,0.9709714551326404,60
RF,imbalance,Class Imbalance,CI,accuracy,-0.013476560850669107,-0.02768124471615627,0.0004045745124789734,0.6682033937892955,60
RF,imbalance,Class Imbalance,CI,balanced_accuracy,0.08592822946164552,0.07246212174820725,0.09713814981259254,0.8405351658276533,60
RF,imbalance,Class Imbalance,CI,macro_f1,0.07640722018591757,0.05867883784802705,0.09352756086457702,0.9048661452374038,60
RF,imbalance,Class Imbalance,CI,mcc,0.13694932698028642,0.09924551742706428,0.17417143280088584,0.883295508958914,60
SVM,label_noise,Label Noise,LN,accuracy,0.935675774397186,0.8993607883007545,0.9764008992797472,0.9977883604865253,60
SVM,label_noise,Label Noise,LN,balanced_accuracy,0.8241099329735112,0.7150721498261744,0.9319474242745215,0.9920380671818787,60
SVM,label_noise,Label Noise,LN,macro_f1,0.8631163566741544,0.7612934546501032,0.9612977443102446,0.9815104217968099,60
SVM,label_noise,Label Noise,LN,mcc,1.5866446434314134,1.4162658113705984,1.7384452444724559,0.9928620874747283,60
SVM,missing,Missing Features,MF,accuracy,0.09577678642303444,0.07374460122214209,0.121043936754869,0.9461258379691954,60
SVM,missing,Missing Features,MF,balanced_accuracy,0.11958827319231581,0.10095847283183321,0.13829361808460228,0.962395342844665,60
SVM,missing,Missing Features,MF,macro_f1,0.12997188268721327,0.10868739813733463,0.15242359489333857,0.9653572181546809,60
SVM,missing,Missing Features,MF,mcc,0.22914386221471794,0.1945702363434635,0.2615344121576236,0.9717658385143743,60
SVM,feature_noise,Feature Noise,FN,accuracy,0.04254215611630815,0.032105256649508744,0.054017707545237,0.9105404542328985,60
SVM,feature_noise,Feature Noise,FN,balanced_accuracy,0.049330471340755425,0.040265187576857125,0.05963628637322481,0.9122061489359093,60
SVM,feature_noise,Feature Noise,FN,macro_f1,0.04858688231969141,0.040296374365364186,0.05811306480211759,0.9047445702317786,60
SVM,feature_noise,Feature Noise,FN,mcc,0.08800989220742195,0.07093173341370099,0.10683413916211698,0.9050196306891487,60
SVM,imbalance,Class Imbalance,CI,accuracy,-0.01979407263202911,-0.03500925855485174,-0.006529676671550655,0.9273643848798637,60
SVM,imbalance,Class Imbalance,CI,balanced_accuracy,0.07748184208471542,0.06439470535012952,0.0887518951176844,0.8536201592698858,60
SVM,imbalance,Class Imbalance,CI,macro_f1,0.06859056993153437,0.051717440780430904,0.08338307969891569,0.9255964756421005,60
SVM,imbalance,Class Imbalance,CI,mcc,0.12775794436742313,0.09005217864748376,0.1643759563317253,0.8995910474377189,60
XGB,label_noise,Label Noise,LN,accuracy,0.9788017760024376,0.9398214381958423,1.0260074515813484,0.9813891347758527,60
XGB,label_noise,Label Noise,LN,balanced_accuracy,0.8996498833036721,0.8067751359140125,0.9972413025095981,0.9553542034697509,60
XGB,label_noise,Label Noise,LN,macro_f1,0.9286194072949858,0.8431684956510453,1.014400221007076,0.9419075391953109,60
XGB,label_noise,Label Noise,LN,mcc,1.7119839128944683,1.5658823931181771,1.8559869141115648,0.9608802525810467,60
XGB,missing,Missing Features,MF,accuracy,0.09092989784753218,0.06991298181222018,0.11307785241916431,0.9394868774373367,60
XGB,missing,Missing Features,MF,balanced_accuracy,0.12986506852518961,0.1045387821706654,0.15126948166409013,0.965457156102548,60
XGB,missing,Missing Features,MF,macro_f1,0.13211568614421734,0.10573670048183749,0.15429266707352382,0.9700370368032838,60
XGB,missing,Missing Features,MF,mcc,0.23891659471839613,0.1960096493871696,0.27526543854036023,0.9830671302235127,60
XGB,feature_noise,Feature Noise,FN,accuracy,0.06313236752043071,0.04971218843034079,0.07647020092052734,0.9432237417916877,60
XGB,feature_noise,Feature Noise,FN,balanced_accuracy,0.0895712464999213,0.07700084026328054,0.10168969062564645,0.9915771858509876,60
XGB,feature_noise,Feature Noise,FN,macro_f1,0.08780752974269197,0.07531831923371847,0.09986117389791017,0.9906493856929842,60
XGB,feature_noise,Feature Noise,FN,mcc,0.1610825017317139,0.13831580729355916,0.18511981149780826,0.9916238341967263,60
XGB,imbalance,Class Imbalance,CI,accuracy,-0.0158138580824244,-0.029478448580476716,-0.002465022352411313,0.7062442637459068,60
XGB,imbalance,Class Imbalance,CI,balanced_accuracy,0.09037576729988463,0.06808800748779732,0.11465343813633731,0.8024212869221298,60
XGB,imbalance,Class Imbalance,CI,macro_f1,0.07933154731546703,0.054266410456980475,0.10629442158829917,0.8237875876517922,60
XGB,imbalance,Class Imbalance,CI,mcc,0.1287646222102208,0.09100386137852139,0.1692688359269898,0.8687573698962922,60
