dataset,algorithm,algo_family,label_noise,missing,feature_noise,imbalance,n_samples,seed,accuracy,accuracy_std,balanced_accuracy,balanced_accuracy_std,macro_f1,macro_f1_std,mcc,mcc_std
Spambase,LR,Linear,0,0,0,0,4601,42,0.9250186470282774,0.00611581589254862,0.9182476120244232,0.007126054136446588,0.9209432108868372,0.006464834709250561,0.8426879900307727,0.012940794100854098
Spambase,LR,Linear,0,0,0,0,4601,43,0.9258870320540055,0.006068939448716895,0.9186959580130802,0.007922680502847973,0.9217717394764466,0.006617834955964407,0.8443410014381314,0.012819171995620922
Spambase,LR,Linear,0,0,0,0,4601,44,0.9247986593022706,0.006856991101525829,0.9178886787989902,0.007049216990499454,0.9207084004916547,0.0071725692208067775,0.8419930903163507,0.014414077494014845
Spambase,RF,Ensemble,0,0,0,0,4601,42,0.9439264976632205,0.0037190645965386893,0.9364631023338461,0.0047405697690650036,0.9406791127282503,0.004016865241730665,0.8824597303653435,0.007832414575985365
Spambase,RF,Ensemble,0,0,0,0,4601,43,0.94566444790634,0.008444423960018476,0.9385853516960161,0.010681150771405508,0.9425255581312371,0.009122780233286455,0.8860912823522554,0.01759264747435378
Spambase,RF,Ensemble,0,0,0,0,4601,44,0.9447955908039466,0.009226989776472778,0.9371874407025317,0.010514878822108506,0.9415652376384092,0.009838695250280416,0.8842494336983636,0.01934781493643628
Spambase,XGB,Boosting,0,0,0,0,4601,42,0.9513166218193835,0.005792356953700321,0.9472864898847655,0.006895090720258431,0.9488332710877364,0.006177493356427712,0.8978913116075018,0.012257147461877536
Spambase,XGB,Boosting,0,0,0,0,4601,43,0.9497939385356181,0.006312111988440262,0.9452703331198723,0.008454371750384085,0.9471701962269551,0.006844531147318051,0.8947267850751169,0.013226991655200087
Spambase,XGB,Boosting,0,0,0,0,4601,44,0.9500120379549639,0.008467784875991457,0.9457401134863888,0.009751264073283968,0.947440929895701,0.008966761269129441,0.8950803540110069,0.0178130802974299
Spambase,SVM,Kernel,0,0,0,0,4601,42,0.9321906717650947,0.006184750214917158,0.925329069940777,0.006935419966282539,0.9284464487099893,0.006560337103530445,0.8575970685903762,0.013043698643863627
Spambase,SVM,Kernel,0,0,0,0,4601,43,0.9319723363074164,0.009127381217882763,0.9251651092684208,0.010542255470674196,0.9282148006418156,0.009736318499993712,0.8570947005240539,0.019180247510873633
Spambase,SVM,Kernel,0,0,0,0,4601,44,0.934580559882925,0.008778497481126477,0.9283759107446997,0.009207247187400111,0.9310599623699103,0.009210183865948247,0.8625840667765223,0.018407542398461003
Spambase,MLP,Neural,0,0,0,0,4601,42,0.9382771562101686,0.007094029499361273,0.9343040104724214,0.008203369458117086,0.9352197672114558,0.007517107418680396,0.8706481127151277,0.01506785015429387
Spambase,MLP,Neural,0,0,0,0,4601,43,0.9369702119624227,0.010334700900099938,0.9323804525322202,0.0128232779598285,0.9337345475500296,0.011125661138665064,0.8679079320056529,0.02184573820355358
Spambase,MLP,Neural,0,0,0,0,4601,44,0.9358846716706793,0.008181959588820781,0.9314778679263318,0.008606590627207948,0.9326801590637477,0.00856846364890106,0.865499225254424,0.017155744889074377
Spambase,GB,Boosting,0,0,0,0,4601,42,0.9465342491620639,0.0055926062311624425,0.941505681205482,0.0069370939103332585,0.9437116848887266,0.006021054563783292,0.8878893955983245,0.011807566983603706
Spambase,GB,Boosting,0,0,0,0,4601,43,0.9478367086814898,0.006981867370965512,0.9428838991558814,0.009300703096242077,0.9450662344478118,0.007596172666936475,0.8906054828021418,0.014618212000854577
Spambase,GB,Boosting,0,0,0,0,4601,44,0.9487072180522118,0.007786899677925977,0.9445658517881302,0.008911170865091517,0.9460936540237291,0.008236988449713935,0.8923502526083489,0.01638982632924619
Bank,LR,Linear,0,0,0,0,5000,42,0.8962,0.003487119154832542,0.6401941709982479,0.011565913795208724,0.675495746248078,0.013262335888799125,0.3842227810851486,0.025021527831695225
Bank,LR,Linear,0,0,0,0,5000,43,0.8956,0.006406246951218792,0.6413373212920211,0.020060053613410476,0.675687971888012,0.022795801145910895,0.38309746439590103,0.043814086943821634
Bank,LR,Linear,0,0,0,0,5000,44,0.8966,0.0037202150475476583,0.6433864738508002,0.008287213821677337,0.6788779726894945,0.01020823195193389,0.38966175584476914,0.022079869592399135
Bank,RF,Ensemble,0,0,0,0,5000,42,0.8968,0.006046486583132395,0.6071686461267436,0.025651382453573183,0.6416997387593655,0.03338424593314661,0.34932433953445574,0.05959122519385841
Bank,RF,Ensemble,0,0,0,0,5000,43,0.8944000000000001,0.003929376540877704,0.5983951370134836,0.012443522421921616,0.63090352793083,0.01667764742764961,0.33012836885317154,0.03309268854557095
Bank,RF,Ensemble,0,0,0,0,5000,44,0.8966000000000001,0.004079215610874231,0.6048310441288923,0.014626690266725917,0.6397180851146327,0.01878555637070736,0.3490232169046397,0.03527205103971057
Bank,XGB,Boosting,0,0,0,0,5000,42,0.8978000000000002,0.00805977667184396,0.6692752949831092,0.014198188935023217,0.7016135045752334,0.019102179921845253,0.4222162987878151,0.042540376431527194
Bank,XGB,Boosting,0,0,0,0,5000,43,0.8931999999999999,0.006112282715974456,0.6570316810407411,0.020366854322164816,0.6865657292990889,0.020879069323260998,0.39210373962060324,0.039467302060235986
Bank,XGB,Boosting,0,0,0,0,5000,44,0.8962,0.003867815921162747,0.6668863915749533,0.013928161220662847,0.6976531935676019,0.01418378264419375,0.4128037245257025,0.026341974858138915
Bank,SVM,Kernel,0,0,0,0,5000,42,0.8896,0.0010198039027185578,0.5867797233595647,0.013783986703741476,0.6135354019670654,0.017068723486569074,0.2910791392643287,0.01836970819890597
Bank,SVM,Kernel,0,0,0,0,5000,43,0.8882,0.004995998398718723,0.5852455208061096,0.01592695098056906,0.6113226555820332,0.02160430373982575,0.2821686647952158,0.04205193125166636
Bank,SVM,Kernel,0,0,0,0,5000,44,0.8928,0.00271293199325011,0.5930404313190271,0.01094404972372101,0.6235241709516581,0.01462147871006871,0.31497413504160315,0.026791166429867102
Bank,MLP,Neural,0,0,0,0,5000,42,0.8926000000000001,0.005642694391866359,0.6448287210461616,0.033182424764378576,0.6741849607511566,0.035035661567344806,0.3734060264998373,0.057710703803573085
Bank,MLP,Neural,0,0,0,0,5000,43,0.8897999999999999,0.009826494797230606,0.6039463367889188,0.046150183072042106,0.6299135665066847,0.05685239748982832,0.30657817008655947,0.0986689797601396
Bank,MLP,Neural,0,0,0,0,5000,44,0.8906000000000001,0.005003998401278726,0.6088480413508726,0.035812416859359285,0.6359615276889274,0.043710147719919074,0.3225409109463977,0.05846914559927998
Bank,GB,Boosting,0,0,0,0,5000,42,0.8962,0.004118252056394804,0.6698521938612538,0.009925039060397704,0.7001310602533112,0.011643540624602794,0.41615933060262433,0.023912627235526694
Bank,GB,Boosting,0,0,0,0,5000,43,0.8925999999999998,0.008685620300243392,0.6596577324776645,0.023835669981783207,0.6881536168525025,0.02540526167619779,0.3936486352895411,0.05053336488122726
Bank,GB,Boosting,0,0,0,0,5000,44,0.8944000000000001,0.006406246951218793,0.6680914907415474,0.018747380139611792,0.6966537001339596,0.020167399371929393,0.4081799730235229,0.03890190442866157
Wine,LR,Linear,0,0,0,0,178,42,0.9833333333333332,0.013608276348795441,0.9838095238095239,0.01366923818514981,0.9829048995413181,0.013961297665219507,0.9754820123576188,0.02001931474292896
Wine,LR,Linear,0,0,0,0,178,43,0.9944444444444445,0.011111111111111117,0.9952380952380953,0.009523809523809488,0.9943562610229277,0.011287477954144622,0.9918521595451713,0.01629568090965749
Wine,LR,Linear,0,0,0,0,178,44,0.9776190476190475,0.01119469694127331,0.9783068783068783,0.011995538675930834,0.977356300374556,0.011451252069055751,0.967020531019347,0.016504616802086505
Wine,RF,Ensemble,0,0,0,0,178,42,0.9774603174603176,0.021299434518521104,0.9801587301587302,0.01911364218855917,0.9783950617283951,0.01959577698651506,0.9662913837669593,0.032305631325028214
Wine,RF,Ensemble,0,0,0,0,178,43,0.9831746031746033,0.013740935306558193,0.9857142857142858,0.011664236870396045,0.9835767195767197,0.01344158069430278,0.97525726191895,0.020209745849709873
Wine,RF,Ensemble,0,0,0,0,178,44,0.9888888888888889,0.013608276348795441,0.9904761904761905,0.011664236870396045,0.9892204585537918,0.013226593266068733,0.9836842621364799,0.019982641435760118
Wine,XGB,Boosting,0,0,0,0,178,42,0.9606349206349206,0.02908099392402141,0.9631746031746033,0.02799056818432652,0.9608088498218169,0.028635303712502377,0.9412524099581876,0.04390632737375705
Wine,XGB,Boosting,0,0,0,0,178,43,0.9550793650793651,0.02227092169482015,0.9557671957671958,0.020698180065993447,0.9551527998036263,0.021219516634556394,0.9327113997598204,0.033769217440546846
Wine,XGB,Boosting,0,0,0,0,178,44,0.9552380952380952,0.02198627575310471,0.957907647907648,0.02106562680067276,0.9554616251842376,0.02056095333747038,0.9341716487174827,0.032271036892555546
Wine,SVM,Kernel,0,0,0,0,178,42,0.9833333333333332,0.022222222222222233,0.9830158730158731,0.02158730158730156,0.9833573188343172,0.021878209258204696,0.9752083899056807,0.0331076543779399
Wine,SVM,Kernel,0,0,0,0,178,43,0.9831746031746033,0.013740935306558193,0.9811640211640211,0.015973579148600564,0.9823282193162267,0.014459515437956868,0.9751139621501433,0.020328680464279703
Wine,SVM,Kernel,0,0,0,0,178,44,0.9830158730158731,0.013870509380922847,0.9817700817700817,0.015461303882389628,0.9828107010117524,0.014108176598394783,0.9747650425367226,0.020617104948539848
Wine,MLP,Neural,0,0,0,0,178,42,0.9158730158730158,0.05355819942477139,0.9201587301587303,0.054672344523825966,0.9149531744033848,0.056579802849026986,0.8800456163795582,0.07512452388650533
Wine,MLP,Neural,0,0,0,0,178,43,0.9273015873015872,0.06721355428458341,0.93005291005291,0.0627386069898932,0.9306007973129429,0.06289879877198999,0.8925230572515123,0.09753260035915463
Wine,MLP,Neural,0,0,0,0,178,44,0.9152380952380952,0.04086307476579179,0.921029341029341,0.03968133745464123,0.9174779931144117,0.039587079652643783,0.8764082390389646,0.060898540028722734
Wine,GB,Boosting,0,0,0,0,178,42,0.916031746031746,0.030152046042921415,0.9143386243386242,0.03084996396412807,0.9162440386574392,0.03066357145489196,0.8779723985280249,0.044233284194105035
Wine,GB,Boosting,0,0,0,0,178,43,0.9323809523809523,0.03811639624077115,0.9298364598364598,0.040236291409923394,0.9349644685316865,0.036158763098443174,0.9006615963737516,0.054860700418723304
Wine,GB,Boosting,0,0,0,0,178,44,0.943968253968254,0.01732705276062882,0.9424819624819625,0.0191133916233544,0.9446659865395365,0.0173452865154151,0.9172490523764425,0.026382468550620833
BreastCancer,LR,Linear,0,0,0,0,569,42,0.9736686849868033,0.016627222216787987,0.9676103780304566,0.023412426113430775,0.9713874165427612,0.018347623060068045,0.9447044175060105,0.03447948902434257
BreastCancer,LR,Linear,0,0,0,0,569,43,0.9771929824561404,0.016269506132448604,0.9742261059899449,0.01861833189022737,0.9755298048284505,0.0173862396714322,0.9515799190284229,0.03458520688505582
BreastCancer,LR,Linear,0,0,0,0,569,44,0.9754075454122031,0.015077481238169335,0.9708726519322655,0.019617540184297746,0.9734335147451194,0.016436767862323075,0.9476250625174872,0.03195900258762104
BreastCancer,RF,Ensemble,0,0,0,0,569,42,0.9560937742586555,0.012339688646904016,0.9526707402034947,0.016955360966877425,0.9528924697936147,0.013463651437667432,0.9082645159282089,0.02514479361921634
BreastCancer,RF,Ensemble,0,0,0,0,569,43,0.9683744760130415,0.006983145362409786,0.964266347438637,0.01038959897581137,0.9660067417952274,0.007590136719015693,0.9327191038954551,0.014898090150486265
BreastCancer,RF,Ensemble,0,0,0,0,569,44,0.9595870206489675,0.006971918072338138,0.9555234507822126,0.008149847638783217,0.9566561408503051,0.007237316359513848,0.915111472536101,0.013412420416825577
BreastCancer,XGB,Boosting,0,0,0,0,569,42,0.9613414066138798,0.014237944009245199,0.9568015976998945,0.020341685753207783,0.9583211921369381,0.01562056051211636,0.9191491428899718,0.029989704285766715
BreastCancer,XGB,Boosting,0,0,0,0,569,43,0.968390001552554,0.010485016525593478,0.9632938457619099,0.015142900407450668,0.9658922941298892,0.01157247558531127,0.9327770193461404,0.022081679995137334
BreastCancer,XGB,Boosting,0,0,0,0,569,44,0.9718677224033534,0.006631532065990778,0.9671028106624242,0.008103161042917527,0.969723912421036,0.00717978507294943,0.9399359617328009,0.014306577189472983
BreastCancer,SVM,Kernel,0,0,0,0,569,42,0.9754075454122031,0.019524957008439404,0.9717702208080524,0.02249698513202188,0.9735627512448326,0.02088627109322805,0.9476908829103443,0.04178651445939613
BreastCancer,SVM,Kernel,0,0,0,0,569,43,0.9719142990218911,0.011611546745833479,0.9680753123391511,0.015539147781477679,0.9697613080928953,0.012665974609930752,0.9402185767561202,0.025012605108581807
BreastCancer,SVM,Kernel,0,0,0,0,569,44,0.9789163173420276,0.007002276500623634,0.9764409454140865,0.007888144191345715,0.9773908870000572,0.007546830110800859,0.955197617967554,0.015305598913839627
BreastCancer,MLP,Neural,0,0,0,0,569,42,0.947290793355069,0.022845133708660963,0.9407268546680599,0.029752736105989715,0.9429728220273684,0.025093701060555487,0.8876379908604657,0.04926048502698637
BreastCancer,MLP,Neural,0,0,0,0,569,43,0.9403043005744449,0.028986893259308154,0.929277603606133,0.03452039923920243,0.9348976520937912,0.03221822646868709,0.8714708947154796,0.06323895517875927
BreastCancer,MLP,Neural,0,0,0,0,569,44,0.9525073746312683,0.017355192243642147,0.9440513234445433,0.018624998327590566,0.9486709012105636,0.01873750810653031,0.8984707983896925,0.03744649855905937
BreastCancer,GB,Boosting,0,0,0,0,569,42,0.9543238627542309,0.017855153449413373,0.949369342671013,0.022605619768612216,0.9508566622535838,0.019640260515152826,0.9031953816700469,0.03809785747030422
BreastCancer,GB,Boosting,0,0,0,0,569,43,0.9560937742586555,0.015639821588463453,0.9506116804184279,0.020531197448836764,0.9526476132769341,0.017237942611747544,0.9063008066510525,0.0335128198419074
BreastCancer,GB,Boosting,0,0,0,0,569,44,0.9577860580655179,0.014185399220379927,0.9530675656003202,0.012326860509961486,0.9547588516317937,0.014949697787478079,0.9103370850346719,0.03011306695279263
Digits,LR,Linear,0,0,0,0,1797,42,0.8998313215722685,0.01494206329165106,0.8998658223333367,0.014980856322527852,0.8998128810621738,0.014931345157261518,0.8001109748071368,0.030266325534976275
Digits,LR,Linear,0,0,0,0,1797,43,0.8892448158464872,0.017896827212483146,0.8892636089591243,0.017894759134972234,0.8892339205093858,0.017898937740987598,0.7786899611249496,0.03576852525132071
Digits,LR,Linear,0,0,0,0,1797,44,0.8892757660167131,0.011962726255712899,0.889285334595375,0.011959047547655892,0.8892644242861838,0.011954266074836212,0.7787488232093351,0.024056795415575028
Digits,RF,Ensemble,0,0,0,0,1797,42,0.9788532961931292,0.005733547227760271,0.9788577150872284,0.005740909269350362,0.9788530155397865,0.005733847993993013,0.957724189444589,0.011470199147714896
Digits,RF,Ensemble,0,0,0,0,1797,43,0.9771757969668833,0.007775780477913686,0.9771662534166007,0.00778850703622758,0.9771734935401065,0.0077780324842032416,0.9544403442611902,0.015469218073712133
Digits,RF,Ensemble,0,0,0,0,1797,44,0.9771990095945527,0.011287919361837288,0.977197187155982,0.011294540302736729,0.9771975741513843,0.011288745343960288,0.9544893432548054,0.022606857457925993
Digits,XGB,Boosting,0,0,0,0,1797,42,0.9693856391210153,0.011553147183051287,0.9693885099334342,0.011559118674565484,0.969383923892221,0.011553278460667804,0.9388734311536684,0.023128846699603706
Digits,XGB,Boosting,0,0,0,0,1797,43,0.9716125038687713,0.01003959120048754,0.9716074913148895,0.010046827921788355,0.9716104632952283,0.0100411384674575,0.943295858516594,0.020042610262079534
Digits,XGB,Boosting,0,0,0,0,1797,44,0.9693995666976167,0.005529311794487011,0.9693883727549888,0.00554202425640952,0.9693972160732478,0.005530613517440929,0.9388695306224625,0.011061626594067286
Digits,SVM,Kernel,0,0,0,0,1797,42,0.9799752398638193,0.008665590307160251,0.9799843445099471,0.008669127962770386,0.9799746045330876,0.00866644085680331,0.960009606136207,0.0173030212412241
Digits,SVM,Kernel,0,0,0,0,1797,43,0.9794057567316621,0.00909312445859224,0.9794101669804623,0.00911939854341514,0.9794030675265611,0.009096658389920785,0.9589723645875632,0.018099375326746377
Digits,SVM,Kernel,0,0,0,0,1797,44,0.9827592076756423,0.009353954079380233,0.9827589500361806,0.009356137956386646,0.9827587816946473,0.009354201440951926,0.9655452141350901,0.018731104865575613
Digits,MLP,Neural,0,0,0,0,1797,42,0.9654998452491489,0.007163760057021352,0.9655056568961319,0.007177990224214662,0.9654981254868489,0.007164727888252321,0.9310860239899231,0.014332292404916349
Digits,MLP,Neural,0,0,0,0,1797,43,0.9627050448777468,0.014495452006674743,0.9627154301744568,0.014497085329878688,0.9627046990613616,0.014495529167917747,0.9254483444434225,0.02900223123708163
Digits,MLP,Neural,0,0,0,0,1797,44,0.9627329000309501,0.023202240841302037,0.9627369157484285,0.023203041877588898,0.9627313303958008,0.023202445885789933,0.9255437074897868,0.04642737656215554
Digits,GB,Boosting,0,0,0,0,1797,42,0.9666032188177034,0.01043202839968043,0.9666013868740805,0.010434887793387854,0.9666015037708167,0.010432667697618216,0.9332687539462793,0.020841537694444252
Digits,GB,Boosting,0,0,0,0,1797,43,0.9693871866295265,0.005863674136594355,0.9693946143742433,0.005882701088339475,0.9693851207739332,0.005864677856751263,0.93889949817602,0.011732738927301627
Digits,GB,Boosting,0,0,0,0,1797,44,0.9655029402661714,0.009711458185057401,0.9654839312598812,0.00973274997407218,0.965498286926412,0.00971591982918953,0.9311216059080424,0.019379847163344645
