dataset,algorithm,mode,label_noise,missing,feature_noise,imbalance,accuracy,balanced_accuracy,macro_f1,mcc
spambase,LR,independent,0.15,0.1,0.0,0.0,0.7648312325921729,0.74576589865741,0.7504767359218727,0.5125680994511679
spambase,LR,correlated,0.15,0.1,0.0,0.0,0.7783078411934099,0.7612626656735008,0.7659313513650156,0.5410839106895654
spambase,RF,independent,0.15,0.1,0.0,0.0,0.7991717414908182,0.7867205353536951,0.79037688740899,0.5852241486970677
spambase,RF,correlated,0.15,0.1,0.0,0.0,0.8002612944342161,0.7866132097864498,0.7909226079475214,0.5873567934490611
spambase,XGB,independent,0.15,0.1,0.0,0.0,0.7976507104753812,0.7860360521178199,0.7892675871841314,0.5822271967793549
spambase,XGB,correlated,0.15,0.1,0.0,0.0,0.800478685738564,0.7886932957505749,0.7922003339422627,0.5879301147067204
spambase,SVM,independent,0.15,0.1,0.0,0.0,0.7854796298918945,0.7706183629091482,0.7748777976252296,0.5562277150929903
spambase,SVM,correlated,0.15,0.1,0.0,0.0,0.7919997167540008,0.7768086610606129,0.7813640763732168,0.5699918396185685
spambase,MLP,independent,0.15,0.1,0.0,0.0,0.7809151206155879,0.7667428331521962,0.7706341780666566,0.5465139519177336
spambase,MLP,correlated,0.15,0.1,0.0,0.0,0.7885216919227683,0.7749209008010688,0.7786617204040034,0.5630012396696669
spambase,GB,independent,0.15,0.1,0.0,0.0,0.7948253316338574,0.7828248261197635,0.786161128218834,0.576057661706361
spambase,GB,correlated,0.15,0.1,0.0,0.0,0.7991736297974791,0.7874283420739804,0.7908626168806348,0.585176230238545
bank,LR,independent,0.15,0.1,0.0,0.0,0.7694,0.5532178098099791,0.5429199601516144,0.1990150513670375
bank,LR,correlated,0.15,0.1,0.0,0.0,0.7678,0.5567030611190861,0.5496126285081766,0.1991583033839618
bank,RF,independent,0.15,0.1,0.0,0.0,0.7674,0.5408479249227656,0.5207270065388081,0.17452792425917338
bank,RF,correlated,0.15,0.1,0.0,0.0,0.7722,0.549681298394659,0.5349006947000186,0.20494009491111295
bank,XGB,independent,0.15,0.1,0.0,0.0,0.7647999999999999,0.5572778679576608,0.551853888492422,0.19125346942662982
bank,XGB,correlated,0.15,0.1,0.0,0.0,0.7689999999999999,0.5688403577971384,0.5690759714587774,0.2194227064209894
bank,SVM,independent,0.15,0.1,0.0,0.0,0.7646,0.5344542741955671,0.5096284092827261,0.154192713395164
bank,SVM,correlated,0.15,0.1,0.0,0.0,0.7654,0.5341362203460204,0.5084412751057682,0.15706886685412277
bank,MLP,independent,0.15,0.1,0.0,0.0,0.7592000000000001,0.5209600481777814,0.4807492898080534,0.07979623633206576
bank,MLP,correlated,0.15,0.1,0.0,0.0,0.7636000000000001,0.5470784239126838,0.5276827094518174,0.15152070461776107
bank,GB,independent,0.15,0.1,0.0,0.0,0.7644,0.5541723040482974,0.546790201373429,0.18629245683408088
bank,GB,correlated,0.15,0.1,0.0,0.0,0.7710000000000001,0.5712939071248391,0.5721531717925284,0.22666090385548388
wine,LR,independent,0.15,0.1,0.0,0.0,0.718888888888889,0.7205439005439006,0.7183536108085412,0.5808505948147963
wine,LR,correlated,0.15,0.1,0.0,0.0,0.7922222222222223,0.7956632256632257,0.7931415515580276,0.6923789188407872
wine,RF,independent,0.15,0.1,0.0,0.0,0.8031746031746032,0.8025896325896327,0.8025264137380184,0.705684569887795
wine,RF,correlated,0.15,0.1,0.0,0.0,0.8253968253968255,0.8238683538683539,0.8266928028606136,0.7386532595015101
wine,XGB,independent,0.15,0.1,0.0,0.0,0.7582539682539682,0.7595770895770896,0.7600890135404457,0.639494130213494
wine,XGB,correlated,0.15,0.1,0.0,0.0,0.7861904761904762,0.7845465645465646,0.7853412685318312,0.6785782044216946
wine,SVM,independent,0.15,0.1,0.0,0.0,0.7863492063492064,0.787005217005217,0.7859491372824706,0.6808392739843757
wine,SVM,correlated,0.15,0.1,0.0,0.0,0.8087301587301587,0.8077178377178378,0.8077517953569927,0.714766416634854
wine,MLP,independent,0.15,0.1,0.0,0.0,0.7577777777777778,0.7615639915639916,0.7583208897933641,0.6423598360086394
wine,MLP,correlated,0.15,0.1,0.0,0.0,0.7920634920634921,0.7945643245643246,0.7930430638378769,0.6919112331058388
wine,GB,independent,0.15,0.1,0.0,0.0,0.7355555555555555,0.7375657675657676,0.7368956779300029,0.6056722105244434
wine,GB,correlated,0.15,0.1,0.0,0.0,0.746984126984127,0.7473171273171273,0.7450134338921524,0.6216118466909343
breast_cancer,LR,independent,0.15,0.1,0.0,0.0,0.7908399316876261,0.7717118819029952,0.7777458526463514,0.5636434049150829
breast_cancer,LR,correlated,0.15,0.1,0.0,0.0,0.7943642291569633,0.775874694113911,0.7815653639077439,0.5703552120508297
breast_cancer,RF,independent,0.15,0.1,0.0,0.0,0.7873932619158517,0.7768452860040007,0.7782415783735596,0.5586249261244236
breast_cancer,RF,correlated,0.15,0.1,0.0,0.0,0.7891476478807639,0.773709308926879,0.7774315545180457,0.5590656619583917
breast_cancer,XGB,independent,0.15,0.1,0.0,0.0,0.7978574755472753,0.7849607799821159,0.7877282415705561,0.5796129493941432
breast_cancer,XGB,correlated,0.15,0.1,0.0,0.0,0.775034932463903,0.7576149088047275,0.7616035743923529,0.5288913150055322
breast_cancer,SVM,independent,0.15,0.1,0.0,0.0,0.8207421207886973,0.8043708309949409,0.8099154264010415,0.6265192272042739
breast_cancer,SVM,correlated,0.15,0.1,0.0,0.0,0.8172488743983853,0.8000230049079844,0.8058907126013629,0.6181665303418032
breast_cancer,MLP,independent,0.15,0.1,0.0,0.0,0.7663716814159292,0.7462685754987375,0.7500015569404754,0.5102480651789633
breast_cancer,MLP,correlated,0.15,0.1,0.0,0.0,0.7944573823940381,0.773945022939934,0.7796943225187558,0.5701684318137705
breast_cancer,GB,independent,0.15,0.1,0.0,0.0,0.7768514205868654,0.7633736484362753,0.7657709491119102,0.534783129281698
breast_cancer,GB,correlated,0.15,0.1,0.0,0.0,0.7820835274025772,0.7682355215271522,0.7710859958743242,0.5458920409426751
digits,LR,independent,0.15,0.1,0.0,0.0,0.7195280099040546,0.7186260831163003,0.7186099159863304,0.43860423718785907
digits,LR,correlated,0.15,0.1,0.0,0.0,0.7484648715567935,0.7476957102028633,0.7478143897284033,0.49633965709130184
digits,RF,independent,0.15,0.1,0.0,0.0,0.7979944289693595,0.7980782931754788,0.7977455591639064,0.5966283087789177
digits,RF,correlated,0.15,0.1,0.0,0.0,0.808003714020427,0.8080343605933376,0.8077812994020434,0.6164412542051443
digits,XGB,independent,0.15,0.1,0.0,0.0,0.7807443515939338,0.7803348191852437,0.780224390610196,0.5618901867218183
digits,XGB,correlated,0.15,0.1,0.0,0.0,0.8080145465800062,0.8077381454058816,0.8077005735621918,0.6159796939088512
digits,SVM,independent,0.15,0.1,0.0,0.0,0.8119003404518725,0.8119082043458519,0.8116889327422395,0.6241149753790911
digits,SVM,correlated,0.15,0.1,0.0,0.0,0.8219235530795419,0.822031269215038,0.8217597546892961,0.6441734093760153
digits,MLP,independent,0.15,0.1,0.0,0.0,0.7651764159702878,0.7650422669288848,0.7647854322818851,0.5307920836111492
digits,MLP,correlated,0.15,0.1,0.0,0.0,0.7851918910554009,0.7847312256607106,0.7847856576444976,0.5701679164784588
digits,GB,independent,0.15,0.1,0.0,0.0,0.7729541937480656,0.7727124811386709,0.7725544002544579,0.5461218773757139
digits,GB,correlated,0.15,0.1,0.0,0.0,0.8057861343237388,0.8056501397138716,0.8055407760106903,0.6115150817245338
spambase,LR,independent,0.25,0.15,0.1,0.0,0.6698546003871029,0.6501436195813474,0.648735936857464,0.32126848570936567
spambase,LR,correlated,0.25,0.15,0.1,0.0,0.6959342397205306,0.6791707031891845,0.6800129979584697,0.37668959428870247
spambase,RF,independent,0.25,0.15,0.1,0.0,0.6952832459991503,0.6790069013111492,0.6800003915797774,0.3750366756123714
spambase,RF,correlated,0.25,0.15,0.1,0.0,0.7591823632157862,0.7499519239019111,0.7521538234899381,0.5086733021942249
spambase,XGB,independent,0.25,0.15,0.1,0.0,0.6820228485105981,0.6674614524072204,0.6681882856988448,0.3472928768501201
spambase,XGB,correlated,0.25,0.15,0.1,0.0,0.7787438039937685,0.7728296104007804,0.7740997780604377,0.5499910587149729
spambase,SVM,independent,0.25,0.15,0.1,0.0,0.6859384884105179,0.6688673905822101,0.6692267770996639,0.35565080177079367
spambase,SVM,correlated,0.25,0.15,0.1,0.0,0.7026726620403153,0.6855576796982856,0.6865195070962338,0.39119652178958597
spambase,MLP,independent,0.25,0.15,0.1,0.0,0.6868066373979135,0.6725777907713116,0.673272352223762,0.35819760257639727
spambase,MLP,correlated,0.25,0.15,0.1,0.0,0.6963680781758959,0.6805420442079602,0.6814748619910136,0.3779598898745914
spambase,GB,independent,0.25,0.15,0.1,0.0,0.6857185006845112,0.6705620184923148,0.6713863864591197,0.3548710260908128
spambase,GB,correlated,0.25,0.15,0.1,0.0,0.7746157295944862,0.7681978927330576,0.7696772964002557,0.5411301280654801
bank,LR,independent,0.25,0.15,0.1,0.0,0.6901999999999999,0.5362735819568507,0.4979094678148096,0.13802066040719016
bank,LR,correlated,0.25,0.15,0.1,0.0,0.6916,0.5568706023388861,0.5407052894554762,0.17089940935036232
bank,RF,independent,0.25,0.15,0.1,0.0,0.6874,0.5194899315967767,0.45744996181452835,0.10580411780755068
bank,RF,correlated,0.25,0.15,0.1,0.0,0.8177999999999999,0.7420023911722731,0.7637196146810322,0.5601752738106551
bank,XGB,independent,0.25,0.15,0.1,0.0,0.6774,0.5287225802338689,0.4944166306497924,0.09815554516931883
bank,XGB,correlated,0.25,0.15,0.1,0.0,0.8469999999999999,0.793215319391658,0.8109621667378322,0.6348983230958255
bank,SVM,independent,0.25,0.15,0.1,0.0,0.6859999999999999,0.5268272841423183,0.47971144039841984,0.11207568296719064
bank,SVM,correlated,0.25,0.15,0.1,0.0,0.6832,0.5242681518715835,0.4767275958472118,0.0997373911059673
bank,MLP,independent,0.25,0.15,0.1,0.0,0.688,0.5333379977759224,0.4924253669466515,0.1264102706868601
bank,MLP,correlated,0.25,0.15,0.1,0.0,0.6828000000000001,0.5431802854311625,0.5181648962858896,0.13256087366406227
bank,GB,independent,0.25,0.15,0.1,0.0,0.6778000000000001,0.5293589329463284,0.49542505438729834,0.1006606041024836
bank,GB,correlated,0.25,0.15,0.1,0.0,0.8465999999999999,0.7900762428265582,0.8091634156315107,0.6337934072288165
wine,LR,independent,0.25,0.15,0.1,0.0,0.6571428571428571,0.6515728715728716,0.6502479504666646,0.48526132105652325
wine,LR,correlated,0.25,0.15,0.1,0.0,0.6233333333333333,0.6165945165945166,0.6175444002230448,0.4285932559621939
wine,RF,independent,0.25,0.15,0.1,0.0,0.6855555555555555,0.678874458874459,0.6748708836531624,0.5245572004747409
wine,RF,correlated,0.25,0.15,0.1,0.0,0.6633333333333333,0.6601731601731602,0.6595509866131651,0.4937480130908245
wine,XGB,independent,0.25,0.15,0.1,0.0,0.6295238095238095,0.6194516594516595,0.6150956351134641,0.43918140794696503
wine,XGB,correlated,0.25,0.15,0.1,0.0,0.6184126984126984,0.6155844155844156,0.6148609888971388,0.4251773259135788
wine,SVM,independent,0.25,0.15,0.1,0.0,0.6744444444444444,0.6757864357864358,0.6697072950692456,0.5135841433765036
wine,SVM,correlated,0.25,0.15,0.1,0.0,0.663015873015873,0.6598556998556998,0.657986142064787,0.4915598257468302
wine,MLP,independent,0.25,0.15,0.1,0.0,0.5274603174603175,0.5518614718614718,0.4993407344681442,0.32807344630491453
wine,MLP,correlated,0.25,0.15,0.1,0.0,0.583174603174603,0.6003751803751803,0.5668117579441329,0.39952382025997085
wine,GB,independent,0.25,0.15,0.1,0.0,0.6239682539682541,0.6180952380952381,0.6129955987389012,0.435012822064677
wine,GB,correlated,0.25,0.15,0.1,0.0,0.584920634920635,0.5806349206349207,0.5756237497603657,0.37765404236320593
breast_cancer,LR,independent,0.25,0.15,0.1,0.0,0.7029809035863996,0.6668082223155323,0.6693448552609135,0.36468748030372955
breast_cancer,LR,correlated,0.25,0.15,0.1,0.0,0.7363142369197331,0.7046178951788371,0.7095755266009094,0.440678643785492
breast_cancer,RF,independent,0.25,0.15,0.1,0.0,0.7151995031827356,0.6980923388174218,0.6992882178768657,0.40181301684621606
breast_cancer,RF,correlated,0.25,0.15,0.1,0.0,0.7292966930600839,0.7099448410123296,0.712433965436535,0.42985222430850056
breast_cancer,XGB,independent,0.25,0.15,0.1,0.0,0.6976866946126378,0.6721771576898117,0.6747980644251955,0.3576703581210323
breast_cancer,XGB,correlated,0.25,0.15,0.1,0.0,0.7451016922838068,0.7245648356682063,0.7280912052075083,0.46258684238773107
breast_cancer,SVM,independent,0.25,0.15,0.1,0.0,0.7292811675205714,0.7091537198915905,0.7118697580179821,0.42936327500264115
breast_cancer,SVM,correlated,0.25,0.15,0.1,0.0,0.7328209905294208,0.7045119670191243,0.7087565334265639,0.43314446780379867
breast_cancer,MLP,independent,0.25,0.15,0.1,0.0,0.7046421363142369,0.6808289117074474,0.6838232808087163,0.3749535254065665
breast_cancer,MLP,correlated,0.25,0.15,0.1,0.0,0.7134916938363608,0.6931929228537619,0.6939854783554538,0.4001987694315754
breast_cancer,GB,independent,0.25,0.15,0.1,0.0,0.6836050302748021,0.6617971523456885,0.6630822355495032,0.3312418278184289
breast_cancer,GB,correlated,0.25,0.15,0.1,0.0,0.7591678310821302,0.7447474901706302,0.7454374934721093,0.49672415738268877
digits,LR,independent,0.25,0.15,0.1,0.0,0.6260538532961931,0.6237413795927729,0.6233992986045183,0.24886297296825494
digits,LR,correlated,0.25,0.15,0.1,0.0,0.6733271432992882,0.6713044048028568,0.6710939607346972,0.34467615155821313
digits,RF,independent,0.25,0.15,0.1,0.0,0.6466155988857939,0.6433916490572837,0.6430146906362323,0.29003346356937343
digits,RF,correlated,0.25,0.15,0.1,0.0,0.7384323738780563,0.7360551706062542,0.7362422175524733,0.475321587016116
digits,XGB,independent,0.25,0.15,0.1,0.0,0.6199241720829465,0.617375300997592,0.6167137231606113,0.2368828892316109
digits,XGB,correlated,0.25,0.15,0.1,0.0,0.719520272361498,0.7173314003964159,0.7175855493453255,0.43711660824653825
digits,SVM,independent,0.25,0.15,0.1,0.0,0.6889167440420921,0.6885650400511081,0.6880028915939402,0.377559314175932
digits,SVM,correlated,0.25,0.15,0.1,0.0,0.7262055091303002,0.7250620014087505,0.7250291433562168,0.4513673377655406
digits,MLP,independent,0.25,0.15,0.1,0.0,0.6455153203342618,0.6441253460448507,0.6438359778327124,0.2890933623497686
digits,MLP,correlated,0.25,0.15,0.1,0.0,0.6955849582172702,0.6938044457549102,0.6933753637668549,0.39045147340747566
digits,GB,independent,0.25,0.15,0.1,0.0,0.6043206437635408,0.6008455779972808,0.6002760541222847,0.20368451197924586
digits,GB,correlated,0.25,0.15,0.1,0.0,0.7256344784896318,0.7238232836994447,0.7241195222039255,0.4493864472238922
spambase,LR,independent,0.35,0.2,0.2,0.0,0.5953087381390738,0.5840839606879488,0.5769684646486092,0.17931018778180124
spambase,LR,correlated,0.35,0.2,0.2,0.0,0.6344287872350469,0.6266657039261595,0.6249943022477017,0.2612221767384128
spambase,RF,independent,0.35,0.2,0.2,0.0,0.6122586508048907,0.600643100722199,0.5936994514952072,0.21532877741241002
spambase,RF,correlated,0.35,0.2,0.2,0.0,0.7248425624321391,0.7225089293630004,0.7228919099900685,0.44636995871922613
spambase,XGB,independent,0.35,0.2,0.2,0.0,0.5892260303073218,0.5819009543165276,0.57990431372251,0.16832441471417503
spambase,XGB,correlated,0.35,0.2,0.2,0.0,0.7402815937308219,0.7385270611230921,0.7387385124628152,0.4780479203552822
spambase,SVM,independent,0.35,0.2,0.2,0.0,0.6066121418118302,0.595912456636655,0.5902268760998244,0.20320852672993922
spambase,SVM,correlated,0.35,0.2,0.2,0.0,0.6283437190199688,0.6170035275827915,0.6109722192353669,0.25025408997355053
spambase,MLP,independent,0.35,0.2,0.2,0.0,0.5894358683850258,0.5817797594186549,0.5784980479658838,0.1687043629085355
spambase,MLP,correlated,0.35,0.2,0.2,0.0,0.6220422036538734,0.6122707890950206,0.6077412213034157,0.23587872646121927
spambase,GB,independent,0.35,0.2,0.2,0.0,0.5970469244205259,0.5887952108517637,0.5860473810885969,0.1833683494707023
spambase,GB,correlated,0.35,0.2,0.2,0.0,0.7372348109332956,0.7349960391839802,0.7353212425258218,0.4717899835414176
bank,LR,independent,0.35,0.2,0.2,0.0,0.6075999999999999,0.5179239751386306,0.45197169954450017,0.07050522276554523
bank,LR,correlated,0.35,0.2,0.2,0.0,0.6392,0.586172119750046,0.5802774307464793,0.19959276861547398
bank,RF,independent,0.35,0.2,0.2,0.0,0.6062000000000001,0.5087777051816857,0.41908968594009155,0.04437846817534042
bank,RF,correlated,0.35,0.2,0.2,0.0,0.8238,0.7984160091136018,0.8076475241763299,0.6268052444919225
bank,XGB,independent,0.35,0.2,0.2,0.0,0.5824,0.5115159739324185,0.4805856794141132,0.031036122425139246
bank,XGB,correlated,0.35,0.2,0.2,0.0,0.8532,0.835548072573755,0.8424595979241852,0.6896485688876541
bank,SVM,independent,0.35,0.2,0.2,0.0,0.6044,0.5125312023588144,0.4396157351020139,0.05035425555674642
bank,SVM,correlated,0.35,0.2,0.2,0.0,0.6376,0.574374696352884,0.5597866150961854,0.1866777985849098
bank,MLP,independent,0.35,0.2,0.2,0.0,0.6022000000000001,0.5168425725821313,0.46031564976794065,0.0562870375412529
bank,MLP,correlated,0.35,0.2,0.2,0.0,0.6302000000000001,0.5789239583856862,0.5712915369852352,0.17945028318979322
bank,GB,independent,0.35,0.2,0.2,0.0,0.5883999999999999,0.510339917240455,0.46745939514245266,0.03106191501627754
bank,GB,correlated,0.35,0.2,0.2,0.0,0.8530000000000001,0.8345839406275652,0.8419883597073687,0.6891993475402376
wine,LR,independent,0.35,0.2,0.2,0.0,0.47777777777777775,0.47518037518037515,0.47305616812761925,0.21590155773603673
wine,LR,correlated,0.35,0.2,0.2,0.0,0.6068253968253969,0.6020701520701521,0.5958614227951177,0.4116928684272424
wine,RF,independent,0.35,0.2,0.2,0.0,0.5106349206349207,0.5062992562992563,0.5051954372735358,0.2637650349724801
wine,RF,correlated,0.35,0.2,0.2,0.0,0.5842857142857143,0.5804861804861805,0.5784372656548147,0.37634595247015223
wine,XGB,independent,0.35,0.2,0.2,0.0,0.4666666666666667,0.45975690975690975,0.4594823833115214,0.19700835427513813
wine,XGB,correlated,0.35,0.2,0.2,0.0,0.5511111111111111,0.5446275946275947,0.5428066735084279,0.3235063057961325
wine,SVM,independent,0.35,0.2,0.2,0.0,0.49952380952380954,0.5027361527361528,0.5001632473806387,0.25273395649319796
wine,SVM,correlated,0.35,0.2,0.2,0.0,0.5733333333333334,0.5665778665778667,0.5617762874710979,0.35840215213280924
wine,MLP,independent,0.35,0.2,0.2,0.0,0.3707936507936508,0.3785991785991786,0.33886027942832364,0.07073482976341634
wine,MLP,correlated,0.35,0.2,0.2,0.0,0.42666666666666675,0.43661893661893664,0.3984411001327407,0.15832400636962865
wine,GB,independent,0.35,0.2,0.2,0.0,0.48920634920634914,0.4848096348096348,0.4780569283808406,0.23833864238227367
wine,GB,correlated,0.35,0.2,0.2,0.0,0.4722222222222222,0.4644411144411144,0.46029342968633846,0.20496870367693845
breast_cancer,LR,independent,0.35,0.2,0.2,0.0,0.6222015215028722,0.5901353965183752,0.5833698505119927,0.2022164035169281
breast_cancer,LR,correlated,0.35,0.2,0.2,0.0,0.6695078403974538,0.6393899097356543,0.6385097554124227,0.30946257492589085
breast_cancer,RF,independent,0.35,0.2,0.2,0.0,0.6273560006210216,0.5991376531270148,0.5966583843834624,0.21508392960854034
breast_cancer,RF,correlated,0.35,0.2,0.2,0.0,0.6642136314236919,0.6401353965183751,0.6404438531484599,0.30047828882539723
breast_cancer,XGB,independent,0.35,0.2,0.2,0.0,0.5834342493401646,0.5636202450032237,0.5625964275644411,0.13074657069115223
breast_cancer,XGB,correlated,0.35,0.2,0.2,0.0,0.68011178388449,0.6612911025145068,0.6615322951618255,0.3366191314116767
breast_cancer,SVM,independent,0.35,0.2,0.2,0.0,0.6379754696475702,0.6083172147001934,0.6050453322625758,0.24025119644018647
breast_cancer,SVM,correlated,0.35,0.2,0.2,0.0,0.6730631889458158,0.6367383945841393,0.6323994012957501,0.3158610605409015
breast_cancer,MLP,independent,0.35,0.2,0.2,0.0,0.5781710914454278,0.5528691166989039,0.5493781771481558,0.11361612315636913
breast_cancer,MLP,correlated,0.35,0.2,0.2,0.0,0.6449464368886819,0.617130077369439,0.6152297842798422,0.2540117434463506
breast_cancer,GB,independent,0.35,0.2,0.2,0.0,0.6185995963359726,0.5995607672469376,0.5983404228174416,0.20447743037712404
breast_cancer,GB,correlated,0.35,0.2,0.2,0.0,0.6835274025772395,0.6613031914893617,0.6624934287317483,0.34065305817158514
digits,LR,independent,0.35,0.2,0.2,0.0,0.5642742185082017,0.5592873761151923,0.5578803426959832,0.12042373224664253
digits,LR,correlated,0.35,0.2,0.2,0.0,0.6226833797585887,0.6196328796233536,0.6195456206479211,0.24065300229858066
digits,RF,independent,0.35,0.2,0.2,0.0,0.5776307644692046,0.5694031545972484,0.5639761434130909,0.1456988281704161
digits,RF,correlated,0.35,0.2,0.2,0.0,0.6967146394305168,0.6910577610053676,0.6906943362760158,0.3915569775058385
digits,XGB,independent,0.35,0.2,0.2,0.0,0.548701640359022,0.5441233260666459,0.5423959084586949,0.08968115067863427
digits,XGB,correlated,0.35,0.2,0.2,0.0,0.6750092850510678,0.6712299631780461,0.671336507500149,0.3460282058808163
digits,SVM,independent,0.35,0.2,0.2,0.0,0.5926524295883627,0.5886654331617418,0.5879454765416308,0.17930275744230623
digits,SVM,correlated,0.35,0.2,0.2,0.0,0.6738888888888889,0.6696610914686646,0.6695816686823234,0.34408190381230297
digits,MLP,independent,0.35,0.2,0.2,0.0,0.5620566388115135,0.5587169106197446,0.558364760811842,0.11840872066326438
digits,MLP,correlated,0.35,0.2,0.2,0.0,0.6199613122872175,0.6167787202081081,0.6166192896520204,0.23501996832652935
digits,GB,independent,0.35,0.2,0.2,0.0,0.5520427112349118,0.5470780588784875,0.5445959973497173,0.09636254067659354
digits,GB,correlated,0.35,0.2,0.2,0.0,0.6761188486536676,0.672864235074285,0.6731072560411467,0.34833552124813066
spambase,LR,independent,0.2,0.1,0.15,0.3,0.7320369488264358,0.663700795460646,0.6725016673254872,0.37042302307891845
spambase,LR,correlated,0.2,0.1,0.15,0.3,0.7357097672662041,0.7173881100209252,0.7205143067889301,0.45492951700197326
spambase,RF,independent,0.2,0.1,0.15,0.3,0.7534954747961556,0.6960256846037574,0.7061898958079187,0.4283192858946789
spambase,RF,correlated,0.2,0.1,0.15,0.3,0.7843969220601426,0.7732164366733361,0.7763309881325036,0.5568253509642976
spambase,XGB,independent,0.2,0.1,0.15,0.3,0.7407666850352271,0.6866462902399302,0.694912668225262,0.40108062475342543
spambase,XGB,correlated,0.2,0.1,0.15,0.3,0.8000443752065337,0.7925723132493119,0.79442206222948,0.5900073034135221
spambase,SVM,independent,0.2,0.1,0.15,0.3,0.7490004701106161,0.6936147268512238,0.7029571383138272,0.41899332481241147
spambase,SVM,correlated,0.2,0.1,0.15,0.3,0.7470117547089647,0.7310541739148372,0.7344524750052535,0.4786284461013615
spambase,MLP,independent,0.2,0.1,0.15,0.3,0.7497492224494943,0.7022338214193848,0.7096279925426814,0.4261751500291996
spambase,MLP,correlated,0.2,0.1,0.15,0.3,0.7498366614738233,0.7369789487918188,0.7398113178820931,0.4851541189786023
spambase,GB,independent,0.2,0.1,0.15,0.3,0.7392704256836062,0.6848221592596341,0.692985200394688,0.3975950512383092
spambase,GB,correlated,0.2,0.1,0.15,0.3,0.8013473068026247,0.7933995558275291,0.7954621571838859,0.5927022159814066
bank,LR,independent,0.2,0.1,0.15,0.3,0.7894726418020857,0.5331292115779309,0.5133259061003175,0.15439295356643407
bank,LR,correlated,0.2,0.1,0.15,0.3,0.7285999999999999,0.5532728480954133,0.5378794886935241,0.17840332847481213
bank,RF,independent,0.2,0.1,0.15,0.3,0.7879447347698475,0.5132574462059392,0.4709366179384302,0.1049677249317543
bank,RF,correlated,0.2,0.1,0.15,0.3,0.8216000000000001,0.7125817515626599,0.7395831322223616,0.5231489232474482
bank,XGB,independent,0.2,0.1,0.15,0.3,0.7820495382632974,0.5265614310389075,0.5050176528013581,0.11377184404464798
bank,XGB,correlated,0.2,0.1,0.15,0.3,0.8459999999999999,0.7661051964114739,0.7893667599159426,0.5963629516232584
bank,SVM,independent,0.2,0.1,0.15,0.3,0.7846696255995418,0.5156142414699996,0.4799614192926436,0.09313639243432954
bank,SVM,correlated,0.2,0.1,0.15,0.3,0.7224,0.5287161703889167,0.49230499005728046,0.12307646396324365
bank,MLP,independent,0.2,0.1,0.15,0.3,0.7842305581406447,0.5097888069352219,0.4658984724611394,0.06878855525524324
bank,MLP,correlated,0.2,0.1,0.15,0.3,0.7228,0.5263431570103115,0.48277749369994505,0.09651091145344697
bank,GB,independent,0.2,0.1,0.15,0.3,0.7829224234614742,0.5293369149760961,0.5099665232667248,0.12411222549560905
bank,GB,correlated,0.2,0.1,0.15,0.3,0.8486,0.76682484039503,0.791463901279071,0.6031950952116233
wine,LR,independent,0.2,0.1,0.15,0.3,0.689655172413793,0.686996336996337,0.67940873182071,0.5307160471653652
wine,LR,correlated,0.2,0.1,0.15,0.3,0.6795238095238096,0.6803618603618603,0.6813703621049948,0.5203567311670136
wine,RF,independent,0.2,0.1,0.15,0.3,0.7448275862068965,0.74496336996337,0.7409100584380721,0.617044932211664
wine,RF,correlated,0.2,0.1,0.15,0.3,0.7017460317460318,0.7017582417582418,0.7005450782835247,0.5555520023404308
wine,XGB,independent,0.2,0.1,0.15,0.3,0.7103448275862069,0.7096153846153846,0.7048506589196244,0.5562586105391782
wine,XGB,correlated,0.2,0.1,0.15,0.3,0.64,0.6363503163503165,0.6410516782414619,0.4608124595789624
wine,SVM,independent,0.2,0.1,0.15,0.3,0.7310344827586206,0.7271062271062271,0.7185045981779195,0.59254076534548
wine,SVM,correlated,0.2,0.1,0.15,0.3,0.7353968253968254,0.7358130758130759,0.7349301625445133,0.6055559767697142
wine,MLP,independent,0.2,0.1,0.15,0.3,0.5862068965517241,0.6302197802197802,0.5651717019364078,0.4437414507369512
wine,MLP,correlated,0.2,0.1,0.15,0.3,0.633968253968254,0.6517760017760017,0.6217549023708443,0.4801885121204184
wine,GB,independent,0.2,0.1,0.15,0.3,0.6758620689655171,0.6767399267399268,0.673565047258087,0.5028873335529933
wine,GB,correlated,0.2,0.1,0.15,0.3,0.6288888888888888,0.6278599178599179,0.6275891213830139,0.4444308549952747
breast_cancer,LR,independent,0.2,0.1,0.15,0.3,0.73,0.6393382352941177,0.6474995554968854,0.3264449682060445
breast_cancer,LR,correlated,0.2,0.1,0.15,0.3,0.7328986182269834,0.703110258596192,0.7084701890965702,0.4336386475478724
breast_cancer,RF,independent,0.2,0.1,0.15,0.3,0.744,0.6909926470588236,0.6946840789187563,0.39579866454551504
breast_cancer,RF,correlated,0.2,0.1,0.15,0.3,0.7416394969725199,0.7209647627166808,0.7242807011309754,0.4561816727552997
breast_cancer,XGB,independent,0.2,0.1,0.15,0.3,0.722,0.6615808823529411,0.6659912458408243,0.34048550307494746
breast_cancer,XGB,correlated,0.2,0.1,0.15,0.3,0.7503803757180563,0.7332409775504404,0.7357483844544459,0.4750793858895272
breast_cancer,SVM,independent,0.2,0.1,0.15,0.3,0.758,0.6963235294117647,0.705177867022212,0.4189228498562375
breast_cancer,SVM,correlated,0.2,0.1,0.15,0.3,0.7680173886042541,0.7474367718101733,0.7519855611340968,0.5114923849579546
breast_cancer,MLP,independent,0.2,0.1,0.15,0.3,0.734,0.6571691176470589,0.6649190794245043,0.34811221092462
breast_cancer,MLP,correlated,0.2,0.1,0.15,0.3,0.7328830926874709,0.7080818414322251,0.7121161066932578,0.43508679008805673
breast_cancer,GB,independent,0.2,0.1,0.15,0.3,0.704,0.6334558823529411,0.6381786233826858,0.28930351559421325
breast_cancer,GB,correlated,0.2,0.1,0.15,0.3,0.739869585468095,0.720900824097755,0.7237685641374689,0.45250570507633003
digits,LR,independent,0.2,0.1,0.15,0.3,0.6796628452980245,0.6439325758437716,0.6467565187339195,0.30586609355569566
digits,LR,correlated,0.2,0.1,0.15,0.3,0.699489322191272,0.6983376241307285,0.6983231100465603,0.3976876269519824
digits,RF,independent,0.2,0.1,0.15,0.3,0.6939591353272135,0.6515057216837852,0.6546551993698185,0.3328163557008291
digits,RF,correlated,0.2,0.1,0.15,0.3,0.7668291550603528,0.7658625814165634,0.7659907538632535,0.532862374190828
digits,XGB,independent,0.2,0.1,0.15,0.3,0.6959114175726553,0.6585322389901977,0.6622223842047866,0.3393515213475635
digits,XGB,correlated,0.2,0.1,0.15,0.3,0.7712859795728876,0.7702646754067748,0.7704098663018467,0.541625264074936
digits,SVM,independent,0.2,0.1,0.15,0.3,0.7342696391556326,0.7136137889303779,0.7163280224903857,0.4344863800808619
digits,SVM,correlated,0.2,0.1,0.15,0.3,0.769056019808109,0.7692146965725628,0.7687767004379251,0.538274303419689
digits,MLP,independent,0.2,0.1,0.15,0.3,0.6809848132323701,0.6452600961256667,0.6455212710792539,0.308459544546272
digits,MLP,correlated,0.2,0.1,0.15,0.3,0.7417858248220365,0.7411625596743775,0.7409741846838233,0.48338305896247336
digits,GB,independent,0.2,0.1,0.15,0.3,0.68551969203435,0.6475639918355244,0.6508959073336943,0.316652840304048
digits,GB,correlated,0.2,0.1,0.15,0.3,0.7646069328381305,0.7633277672656762,0.7636222551574855,0.5279896180315024
